{"employeeId=121513&pageSize=10":"{\"reservations\":[{\"activityContent\":\"预约买五星\",\"activityEndTime\":1498795061289,\"activityName\":\"预约测试007\",\"activityStartTime\":1493611061289,\"id\":\"FSRE000016FT\",\"phone\":\"13890909090\",\"reservationTime\":1493568000000,\"reservationTimeEnd\":1493524616201,\"reservationTimeStart\":1489636616201,\"store\":{\"displayName\":\"昆明东华卖场\",\"name\":\"70020202\"},\"userName\":\"Test009\"},{\"activityName\":\"预约时间状态测试\",\"id\":\"FSRE000016FV\",\"phone\":\"15524592031\",\"reservationTime\":1491408000000,\"reservationTimeEnd\":1496208319770,\"reservationTimeStart\":1491024319770,\"store\":{\"displayName\":\"昆明东华卖场\",\"name\":\"70020202\"},\"userName\":\"Test012\"},{\"activityContent\":\"232323\",\"activityEndTime\":1493557015915,\"activityName\":\"预约测\",\"activityStartTime\":1489496215915,\"id\":\"FSRE000016FU\",\"phone\":\"15524592031\",\"reservationTime\":1489420800000,\"reservationTimeEnd\":1493556995195,\"reservationTimeStart\":1489496195195,\"store\":{\"displayName\":\"昆明东华卖场\",\"name\":\"70020202\"},\"userName\":\"Test012\"}],\"stores\":[{\"address\":{\"cityCode\":\"530100000000\",\"code\":\"0000124914\",\"countyCode\":\"530103000000\",\"fullAddress\":\"云南省昆明市盘龙区\",\"id\":\"8800186234462\",\"isDefaultAddress\":false,\"provinceCode\":\"530000000000\"},\"displayName\":\"昆明东华卖场\",\"geoPoint\":{\"latitude\":25.0440468749,\"longitude\":102.7330272446},\"name\":\"70020202\"}]}"}